cohort,n,pd_band,util_bucket,tenure_bucket,product,base_pd,current_limit,utilization,balance,total_limit,mean_income
A|high|established|personal,1,A,high,established,personal,0.019080174513001993,13000.0,0.7190720593970777,9347.936772162011,13000.0,11395.090831017524
A|high|established|salary_advance,1,A,high,established,salary_advance,0.03485579495140655,17000.0,0.7061766371380825,12005.002831347403,17000.0,16354.705684704506
A|high|loyal|personal,1,A,high,loyal,personal,0.039854241737966103,70500.0,0.7399169477994336,52164.14481986007,70500.0,31008.55284901
A|high|loyal|salary_advance,2,A,high,loyal,salary_advance,0.03023174018489301,14750.0,0.7152895231481671,21087.857113665887,29500.0,37745.050552149216
A|low|established|personal,10,A,low,established,personal,0.030332710828975318,23850.0,0.3120433919155631,76480.95704757304,238500.0,28250.150310498477
A|low|established|salary_advance,10,A,low,established,salary_advance,0.02859054399621444,11750.0,0.31037937390015546,36090.54830133142,117500.0,28722.909519638644
A|low|loyal|personal,10,A,low,loyal,personal,0.027609433217974027,19700.0,0.3032925699479544,62263.67040497627,197000.0,26605.909765493194
A|low|loyal|salary_advance,8,A,low,loyal,salary_advance,0.03136804062724905,11812.5,0.2897485599649451,27793.957754986004,94500.0,30011.410171425272
A|low|new|salary_advance,1,A,low,new,salary_advance,0.0242883565587679,12000.0,0.34877521621021057,4185.302594522527,12000.0,14019.973609238717
A|med|established|personal,70,A,med,established,personal,0.029267620904092125,15728.57142857143,0.48186352638544777,533807.3369430909,1101000.0,31116.437932660232
A|med|established|salary_advance,76,A,med,established,salary_advance,0.02827620880603386,18164.473684210527,0.5137329963760103,706399.5987316129,1380500.0,31002.620495607563
A|med|loyal|personal,104,A,med,loyal,personal,0.027524517593669123,17024.03846153846,0.48237108400832795,846064.0012039327,1770500.0,34003.07706988437
A|med|loyal|salary_advance,104,A,med,loyal,salary_advance,0.026607311396495782,21562.5,0.4952154791402758,1096545.2625016025,2242500.0,32378.629952278585
A|med|new|personal,4,A,med,new,personal,0.03425107419079247,29125.0,0.5430466407188662,65918.26708662005,116500.0,28337.77814515833
A|med|new|salary_advance,6,A,med,new,salary_advance,0.029152762422081757,33416.666666666664,0.4999382128903525,108054.71777231581,200500.0,26221.39598481449
B|high|established|personal,5,B,high,established,personal,0.06278581783475676,10200.0,0.7277909358580816,37215.30998821039,51000.0,34951.46311417296
B|high|established|salary_advance,5,B,high,established,salary_advance,0.06889165478006862,19600.0,0.712367793678409,69742.87999765779,98000.0,30829.790223281627
B|high|loyal|personal,15,B,high,loyal,personal,0.0658424719340571,19833.333333333332,0.7320400524604777,218373.84261097622,297500.0,30069.993119888273
B|high|loyal|salary_advance,9,B,high,loyal,salary_advance,0.059870132028533245,20611.11111111111,0.7248693359717676,134148.5327170808,185500.0,27579.296529249856
B|low|established|personal,5,B,low,established,personal,0.06769195633692213,21900.0,0.302567372736545,32630.27550358008,109500.0,40826.41731602411
B|low|established|salary_advance,3,B,low,established,salary_advance,0.06260110867368816,15333.333333333334,0.32481230214676543,14858.767684251365,46000.0,26394.172749373392
B|low|loyal|personal,11,B,low,loyal,personal,0.056928302256573415,22000.0,0.3119687804235726,74738.91532151143,242000.0,52193.70076517561
B|low|loyal|salary_advance,10,B,low,loyal,salary_advance,0.06079351639187114,13350.0,0.3170420947862945,40203.79898187123,133500.0,30470.316505821782
B|med|established|personal,228,B,med,established,personal,0.06116497448090119,16203.947368421053,0.5237697147942086,1922512.3961417289,3694500.0,32899.16949754841
B|med|established|salary_advance,163,B,med,established,salary_advance,0.06014977253104526,18361.963190184048,0.5149707746056567,1535847.044233501,2993000.0,32897.997476253884
B|med|loyal|personal,221,B,med,loyal,personal,0.059439737599128406,15988.68778280543,0.5169816780953561,1841596.1512827356,3533500.0,30068.815460205074
B|med|loyal|salary_advance,163,B,med,loyal,salary_advance,0.05971809277935148,16935.58282208589,0.5239697335791997,1463502.8425670534,2760500.0,32996.57739253793
B|med|new|personal,13,B,med,new,personal,0.06349727821005678,13461.538461538461,0.5207828898086865,94171.05076414053,175000.0,33654.24142973305
B|med|new|salary_advance,23,B,med,new,salary_advance,0.06273892583177346,16978.260869565216,0.5249227198735663,207004.9599707066,390500.0,36710.22632192882
C|high|established|personal,12,C,high,established,personal,0.10177871159988856,15875.0,0.7204065764402117,136691.7628503557,190500.0,33838.20718191285
C|high|established|salary_advance,4,C,high,established,salary_advance,0.10666829736349498,8875.0,0.7467575390737278,26684.19517539213,35500.0,56827.14355889152
C|high|loyal|personal,13,C,high,loyal,personal,0.10198389027478022,10230.76923076923,0.7258866267661019,96849.32565692364,133000.0,24084.452453998518
C|high|loyal|salary_advance,8,C,high,loyal,salary_advance,0.1003128551485928,23500.0,0.7372710085132449,141802.99535669357,188000.0,47688.59586500732
C|high|new|personal,2,C,high,new,personal,0.0980951389503206,33750.0,0.7919013561596984,52949.02219708701,67500.0,23823.200234643315
C|high|new|salary_advance,1,C,high,new,salary_advance,0.1017657145953564,8000.0,0.8024840127231827,6419.872101785461,8000.0,31301.609995954932
C|low|established|personal,7,C,low,established,personal,0.1034575834037692,9642.857142857143,0.3289975572543427,21129.537113884344,67500.0,19020.75334614168
C|low|established|salary_advance,3,C,low,established,salary_advance,0.09587036591399938,11333.333333333334,0.343356649448378,11635.726107019334,34000.0,33950.06874324992
C|low|loyal|personal,2,C,low,loyal,personal,0.09723935633559536,7000.0,0.32170251804362415,4563.182646095534,14000.0,30021.910999667754
C|low|loyal|salary_advance,3,C,low,loyal,salary_advance,0.09280616576778083,19166.666666666668,0.3174031292824415,18856.520144075486,57500.0,23594.37990874852
C|low|new|personal,1,C,low,new,personal,0.11185296819268904,8000.0,0.29713001712065473,2377.0401369652377,8000.0,40186.14898983545
C|low|new|salary_advance,1,C,low,new,salary_advance,0.08603954584933833,14500.0,0.2770509973380523,4017.239461401758,14500.0,10572.515168934446
C|med|established|personal,237,C,med,established,personal,0.09993933145963001,15050.632911392406,0.5365166113622823,1897852.9868711068,3567000.0,31390.24545896875
C|med|established|salary_advance,149,C,med,established,salary_advance,0.1005325059777323,14211.409395973154,0.5420884288676651,1145776.450405876,2117500.0,30891.618098072096
C|med|loyal|personal,162,C,med,loyal,personal,0.09993978052874194,11561.728395061727,0.5319649616117805,990159.1214860958,1873000.0,32649.803011129232
C|med|loyal|salary_advance,102,C,med,loyal,salary_advance,0.09619631370964399,15911.764705882353,0.5343705592030273,870030.9802313615,1623000.0,31305.169803484467
C|med|new|personal,22,C,med,new,personal,0.09463814264862801,15181.818181818182,0.5088278847175057,167458.55738823602,334000.0,33332.22356606967
C|med|new|salary_advance,20,C,med,new,salary_advance,0.10141433972285849,11725.0,0.5832961307150953,137521.64567888677,234500.0,32809.762792950394
D|high|established|personal,24,D,high,established,personal,0.1475627170930329,9000.0,0.7341972030263499,158367.24962306547,216000.0,30928.37632740539
D|high|established|salary_advance,15,D,high,established,salary_advance,0.15303055294405074,10566.666666666666,0.7457772990955771,120256.2805686608,158500.0,24426.899192850167
D|high|loyal|personal,15,D,high,loyal,personal,0.14772651166533196,11100.0,0.7349800856572892,121914.60668227571,166500.0,30771.521884509366
D|high|loyal|salary_advance,10,D,high,loyal,salary_advance,0.1499122763397197,9450.0,0.7273494439973986,68354.77432664273,94500.0,26635.142930841586
D|high|new|personal,1,D,high,new,personal,0.13892586991328476,11500.0,0.7810097118699523,8981.611686504451,11500.0,8080.981135514431
D|high|new|salary_advance,2,D,high,new,salary_advance,0.16995510891056675,11250.0,0.715114392899847,15900.364037139638,22500.0,42269.409928617926
D|low|established|personal,5,D,low,established,personal,0.14554548406426834,7500.0,0.32267067729959686,12061.98030007816,37500.0,43677.43218336324
D|low|established|salary_advance,3,D,low,established,salary_advance,0.13882290335071037,10166.666666666666,0.3132690956918274,9439.120672662671,30500.0,44546.21770526314
D|low|loyal|personal,1,D,low,loyal,personal,0.15357319186270416,5000.0,0.33032728463813943,1651.636423190697,5000.0,37476.32193737859
D|low|loyal|salary_advance,2,D,low,loyal,salary_advance,0.14357493163931426,13500.0,0.3347410847909831,9202.37822358274,27000.0,29379.594322403827
D|med|established|personal,280,D,med,established,personal,0.14901889665244003,12700.0,0.5539369990112405,1972097.5096595285,3556000.0,32142.76294998049
D|med|established|salary_advance,155,D,med,established,salary_advance,0.14801504927236037,11774.193548387097,0.5507652924988049,1003660.297321808,1825000.0,30321.077205189304
D|med|loyal|personal,155,D,med,loyal,personal,0.14690183151468628,13406.451612903225,0.5505776995862873,1121794.6710778195,2078000.0,29621.290522194286
D|med|loyal|salary_advance,90,D,med,loyal,salary_advance,0.14638017954224408,11750.0,0.55123344051945,582903.344432952,1057500.0,31644.201993359755
D|med|new|personal,25,D,med,new,personal,0.14869214309773895,13120.0,0.570061312711624,186410.08619355987,328000.0,35734.293387322825
D|med|new|salary_advance,12,D,med,new,salary_advance,0.14433670616133287,11083.333333333334,0.5726559538572299,80328.86386195889,133000.0,32401.967882469937
E|high|established|personal,94,E,high,established,personal,0.2965386685081193,8914.893617021276,0.7427655792753527,624030.5204074988,838000.0,32717.716825424784
E|high|established|salary_advance,42,E,high,established,salary_advance,0.2902691430996124,7428.571428571428,0.7379854204094771,229790.86719089496,312000.0,37607.746357121214
E|high|loyal|personal,52,E,high,loyal,personal,0.2810422214502004,11846.153846153846,0.7339898406414119,453514.19648870506,616000.0,33637.98860734572
E|high|loyal|salary_advance,16,E,high,loyal,salary_advance,0.25173109606367683,11906.25,0.733710216794124,139018.91357586687,190500.0,30219.013569528885
E|high|new|personal,10,E,high,new,personal,0.30285043026492564,9100.0,0.7449738936222372,67277.44364354978,91000.0,48134.72430571775
E|high|new|salary_advance,7,E,high,new,salary_advance,0.2871322953661748,7428.571428571428,0.7323216165144526,38816.776453110404,52000.0,40787.66984911066
E|low|established|personal,1,E,low,established,personal,0.1800606401634963,17500.0,0.3044356076437861,5327.623133766257,17500.0,38147.98372460669
E|low|loyal|personal,3,E,low,loyal,personal,0.24810928201335625,9833.333333333334,0.33322613878657154,9881.754196818938,29500.0,36805.93772636536
E|med|established|personal,426,E,med,established,personal,0.26287863889038704,10427.230046948356,0.5856533093784959,2601687.3396359496,4442000.0,31850.36847952702
E|med|established|salary_advance,177,E,med,established,salary_advance,0.2564593972073044,8621.468926553673,0.5885797518458739,883008.0526190591,1526000.0,34984.12195949949
E|med|loyal|personal,199,E,med,loyal,personal,0.25549488560113176,9947.236180904523,0.5940592747386758,1185051.5484987402,1979500.0,30536.358335337456
E|med|loyal|salary_advance,70,E,med,loyal,salary_advance,0.26317165314042146,8300.0,0.5964867505993996,346374.69501674676,581000.0,32795.610267674594
E|med|new|personal,55,E,med,new,personal,0.25319159351170956,9209.09090909091,0.5915136147825784,297526.93040718744,506500.0,30609.5586222583
E|med|new|salary_advance,22,E,med,new,salary_advance,0.2675446661795667,8181.818181818182,0.5882182096520249,106363.30236471236,180000.0,35814.116494751834
