status,scenario,n_accounts,total_profit,total_el,total_ead,el_ratio,default_rate_proxy,incremental_limit,budget_used_pct,avg_churn,high_risk_ead_share,profit_per_account,strategy,profit_lift_pct,default_rate_delta_pp
Forced,baseline,4000.0,4108285.8660285687,2526698.7555696694,30164324.244621318,0.08376447405481699,0.12886842162279535,0.0,0.0,0.2540157621337497,0.4221332847035623,1027.071466507142,no_increase,0.0,0.0
Forced,baseline,4000.0,5877182.875389712,3296776.6818444477,37854234.71647264,0.08709135732203359,0.13370056639450506,10954441.959899066,21.908883919798132,0.1069533088595987,0.41666889157051645,1469.295718847428,uniform_25,43.05681413234067,0.48321447717097066
Forced,baseline,4000.0,5731255.361856229,2795961.098908985,35918595.00480518,0.07784160540062723,0.11967886346524555,8146944.127493037,16.293888254986076,0.15992860184673538,0.3681690810821695,1432.8138404640572,risk_based,39.5047849334926,-0.9189558157549806
Forced,baseline,4000.0,5067095.996503465,2678591.7487739846,33591975.843498595,0.07973903533549963,0.12262463532002875,4855839.005474069,9.711678010948138,0.20868017795350155,0.37905972942969113,1266.773999125866,greedy_high_util,23.338447268319392,-0.6243786302766605
Forced,baseline,4000.0,11817193.478651682,7398125.306950926,70668472.56759381,0.10468777713958201,0.16066542320234534,47466790.0,94.93358,0.0525696686801249,0.41739011629834516,2954.2983696629203,bandit_heuristic,187.64292125745433,3.1797001579549984
Optimal,baseline,4000.0,10249002.711714877,3916539.9621682595,54502600.88466205,0.07185968923678356,0.11039093972717805,29127527.10405392,58.255054208107836,0.14782635456791687,0.23423460668983623,2562.250677928719,optimized_milp,149.47150821377642,-1.8477481895617307
Forced,mild_recession,4000.0,2882836.9695772785,3752147.65202096,30164324.244621318,0.12439024397140326,0.17397236919077375,0.0,0.0,0.2540157621337497,0.4221332847035623,720.7092423943196,no_increase,0.0,0.0
Forced,mild_recession,4000.0,3460124.9344179523,4504969.322310615,34177990.5002727,0.13180907526657165,0.18396974831175247,5799137.011904818,11.598274023809635,0.16860410336350473,0.4415342177427073,865.0312336044881,uniform_25,20.024995202046536,0.9997379120978728
Forced,mild_recession,4000.0,3814326.117706258,3977755.1466666767,33766543.01564853,0.11780166968301298,0.1646563540220507,5247546.173040555,10.49509234608111,0.2020501357094907,0.38538070491650267,953.5815294265644,risk_based,32.31154442512811,-0.9316015168723046
Forced,mild_recession,4000.0,3490707.781257767,3893306.169995738,32491547.380337354,0.11982520021043438,0.16751877175089047,3484443.2560954783,6.968886512190957,0.21998143743652193,0.39189777960378225,872.6769453144418,greedy_high_util,21.085854597238054,-0.6453597439883274
Forced,mild_recession,4000.0,3482017.8832295355,7999567.092402162,45774124.038930245,0.17476177338966975,0.2423461718987671,18631684.869278118,37.263369738556236,0.15926504831212698,0.5605545188809545,870.5044708073839,bandit_heuristic,20.784418958666166,6.8373802707993345
Infeasible_relaxed_risk,mild_recession,4000.0,5895258.357776058,4538738.865392585,42552393.03667057,0.10666236471075118,0.14877526189788287,15557191.126436628,31.11438225287326,0.19923627653079987,0.2992396987702197,1473.8145894440145,optimized_milp,104.49503110959834,-2.5197107292890877
Forced,severe,4000.0,634075.0771202731,6000909.544477965,30164324.244621318,0.19894062588019035,0.24485000108331118,0.0,0.0,0.2540157621337497,0.4221332847035623,158.51876928006828,no_increase,0.0,0.0
Forced,severe,4000.0,567819.8896183786,6421829.95211038,31232234.658363353,0.20561544898583634,0.2527837979374137,1583354.995310425,3.1667099906208502,0.22847245292205345,0.42966528946426036,141.95497240459466,uniform_25,-10.449107667628304,0.7933796854102504
Forced,severe,4000.0,728872.2893505087,6079458.197744924,30671451.26814733,0.19821227709751424,0.2439135360336679,802196.8393645369,1.6043936787290738,0.24099588310139491,0.41880959858663747,182.21807233762718,risk_based,14.950471269233336,-0.09364650496432869
Forced,severe,4000.0,714868.1218819506,6047457.253272329,30559318.348710228,0.19789241318360642,0.24353034738794826,609043.0545782954,1.2180861091565909,0.24754853805281885,0.4166770059772199,178.71703047048766,greedy_high_util,12.741873585161029,-0.131965369536291
Forced,severe,4000.0,461747.40690357564,9108422.307987958,39749763.05381744,0.22914406547923344,0.27873473295126344,12106746.83742392,24.21349367484784,0.20124697404385497,0.4479594249013951,115.43685172589392,bandit_heuristic,-27.177802193289786,3.3884731867952267
Infeasible_relaxed_risk,severe,4000.0,1586544.1100563565,6244585.71281326,34121981.11389299,0.18300771259353216,0.22490565425020367,5158417.05592293,10.31683411184586,0.23930742733537866,0.3731719219861131,396.6360275140891,optimized_milp,150.2139206072937,-1.9944346833107502
